﻿<GenericInquiryScreen>
    <data-set>
        <relations format-version="3" relations-version="20180809" main-table="GIDesign">
            <link from="GIFilter (DesignID)" to="GIDesign (DesignID)" />
            <link from="GIGroupBy (DesignID)" to="GIDesign (DesignID)" />
            <link from="GIMassAction (DesignID)" to="GIDesign (DesignID)" />
            <link from="GIMassUpdateField (DesignID)" to="GIDesign (DesignID)" />
            <link from="GINavigationScreen (DesignID)" to="GIDesign (DesignID)" />
            <link from="GINavigationParameter (DesignID, ScreenID)" to="GINavigationScreen (DesignID, ScreenID)" />
            <link from="GIOn (DesignID, RelationNbr)" to="GIRelation (DesignID, LineNbr)" />
            <link from="GIRecordDefault (DesignID)" to="GIDesign (DesignID)" />
            <link from="GIRelation (DesignID, ParentTable)" to="GITable (DesignID, Alias)" />
            <link from="GIRelation (DesignID, ChildTable)" to="GITable (DesignID, Alias)" />
            <link from="GIResult (DesignID)" to="GIDesign (DesignID)" />
            <link from="GIResult (ObjectName, DesignID)" to="GITable (Alias, DesignID)" />
            <link from="GISort (DesignID)" to="GIDesign (DesignID)" />
            <link from="GITable (DesignID)" to="GIDesign (DesignID)" />
            <link from="GIWhere (DesignID)" to="GIDesign (DesignID)" />
            <link from="SiteMap (Url)" to="GIDesign (DesignID)" type="WeakByUrl" linkname="toDesignById" baseurl="~/GenericInquiry/GenericInquiry.aspx" paramnames="id" />
            <link from="SiteMap (Url)" to="GIDesign (Name)" type="WeakByUrl" linkname="toDesignByName" baseurl="~/GenericInquiry/GenericInquiry.aspx" />
            <link from="ListEntryPoint (ListScreenID)" to="SiteMap (ScreenID)" />
            <link from="SiteMap (ScreenID)" to="GIDesign (PrimaryScreenIDNew)" linkname="to1Screen" />
            <link from="SiteMap (NodeID)" to="SiteMap (ParentID)" type="WeakToParent" recursive-nesting="yes" />
            <link from="GIDesign (NoteID)" to="Note (NoteID)" type="Note" />
            <link from="GIFilter (NoteID)" to="Note (NoteID)" type="Note" />
            <link from="GIFilter (NoteID)" to="GIFilterKvExt (RecordID)" type="RowKvExt" />
            <link from="GIGroupBy (NoteID)" to="Note (NoteID)" type="Note" />
            <link from="GIOn (NoteID)" to="Note (NoteID)" type="Note" />
            <link from="GIRelation (NoteID)" to="Note (NoteID)" type="Note" />
            <link from="GIResult (NoteID)" to="Note (NoteID)" type="Note" />
            <link from="GIResult (NoteID)" to="GIResultKvExt (RecordID)" type="RowKvExt" />
            <link from="GISort (NoteID)" to="Note (NoteID)" type="Note" />
            <link from="GITable (NoteID)" to="Note (NoteID)" type="Note" />
            <link from="GIWhere (NoteID)" to="Note (NoteID)" type="Note" />
        </relations>
        <layout>
            <table name="GIDesign">
                <table name="GIFilter" uplink="(DesignID) = (DesignID)">
                    <table name="Note" uplink="(NoteID) = (NoteID)" />
                    <table name="GIFilterKvExt" uplink="(NoteID) = (RecordID)" />
                </table>
                <table name="GIGroupBy" uplink="(DesignID) = (DesignID)">
                    <table name="Note" uplink="(NoteID) = (NoteID)" />
                </table>
                <table name="GIMassAction" uplink="(DesignID) = (DesignID)" />
                <table name="GIMassUpdateField" uplink="(DesignID) = (DesignID)" />
                <table name="GINavigationScreen" uplink="(DesignID) = (DesignID)">
                    <table name="GINavigationParameter" uplink="(DesignID, ScreenID) = (DesignID, ScreenID)" />
                </table>
                <table name="GIRecordDefault" uplink="(DesignID) = (DesignID)" />
                <table name="GISort" uplink="(DesignID) = (DesignID)">
                    <table name="Note" uplink="(NoteID) = (NoteID)" />
                </table>
                <table name="GITable" uplink="(DesignID) = (DesignID)">
                    <table name="GIRelation" uplink="(DesignID, Alias) = (DesignID, ParentTable)">
                        <table name="GIOn" uplink="(DesignID, LineNbr) = (DesignID, RelationNbr)">
                            <table name="Note" uplink="(NoteID) = (NoteID)" />
                        </table>
                        <table name="Note" uplink="(NoteID) = (NoteID)" />
                    </table>
                    <table name="GIResult" uplink="(Alias, DesignID) = (ObjectName, DesignID)">
                        <table name="Note" uplink="(NoteID) = (NoteID)" />
                        <table name="GIResultKvExt" uplink="(NoteID) = (RecordID)" />
                    </table>
                    <table name="Note" uplink="(NoteID) = (NoteID)" />
                </table>
                <table name="GIWhere" uplink="(DesignID) = (DesignID)">
                    <table name="Note" uplink="(NoteID) = (NoteID)" />
                </table>
                <table name="SiteMap" uplink="(DesignID) = (Url)" recursion="(NodeID) = (ParentID)" linkname="toDesignById">
                    <table name="ListEntryPoint" uplink="(ScreenID) = (ListScreenID)" />
                </table>
                <table name="SiteMap" uplink="(Name) = (Url)" recursion="(NodeID) = (ParentID)" linkname="toDesignByName">
                    <table name="ListEntryPoint" uplink="(ScreenID) = (ListScreenID)" />
                </table>
                <table name="SiteMap" uplink="(PrimaryScreenIDNew) = (ScreenID)" recursion="(NodeID) = (ParentID)" linkname="to1Screen">
                    <table name="ListEntryPoint" uplink="(ScreenID) = (ListScreenID)" />
                </table>
                <table name="Note" uplink="(NoteID) = (NoteID)" />
            </table>
        </layout>
        <data>
            <GIDesign>
                <row DesignID="ae5a685a-5331-4797-ab00-e86c5dd2a693" Name="Amazon SO Process Log" FilterColCount="3" PageSize="0" NewRecordCreationEnabled="0" MassDeleteEnabled="0" AutoConfirmDelete="0" MassRecordsUpdateEnabled="0" MassActionsOnRecordsEnabled="0" ExposeViaOData="0" ExposeViaMobile="0">
                    <GIFilter LineNbr="3" IsActive="1" Name="IntergrationID" FieldName="OrderProcessLog.integrationID" DataType="string" DisplayName="Integration ID" IsExpression="0" ColSpan="1" Required="0" LabelSize="S" />
                    <GIFilter LineNbr="2" IsActive="1" Name="ToDate" FieldName="OrderProcessLog.processDate" DataType="string" DisplayName="To Date" IsExpression="1" DefaultValue="@WeekEnd" ColSpan="1" Required="0" Size="SM" LabelSize="XS" />
                    <GIFilter LineNbr="1" IsActive="1" Name="FromDate" FieldName="OrderProcessLog.processDate" DataType="string" DisplayName="From Date" IsExpression="1" DefaultValue="@WeekStart" ColSpan="1" Required="0" Size="SM" LabelSize="XS" />
                    <GITable Alias="OrderProcessLog" Name="AmazonIntegration.SOOrderProcessLog">
                        <GIResult LineNbr="8" SortOrder="8" IsActive="1" Field="failedRecordsCount" Caption="Total Records Failed" Width="100" IsVisible="1" DefaultNav="0" QuickFilter="0" FastFilter="1" RowID="3171357e-d97a-4132-95d5-070f63dac2be" />
                        <GIResult LineNbr="7" SortOrder="7" IsActive="1" Field="importedRecordsCount" Caption="Total Records Imported" Width="100" IsVisible="1" DefaultNav="0" QuickFilter="0" FastFilter="1" RowID="86a127c9-6b94-437c-b5f5-c842184525f7" />
                        <GIResult LineNbr="6" SortOrder="6" IsActive="1" Field="totalRecordstoImport" Caption="Total Records Prepared/Selected" Width="100" IsVisible="1" DefaultNav="0" QuickFilter="0" FastFilter="1" RowID="8b2389b9-76d7-4c57-931d-96b16378f45e" />
                        <GIResult LineNbr="5" SortOrder="5" IsActive="1" Field="operation" Caption="Operation" Width="80" IsVisible="1" DefaultNav="1" QuickFilter="0" FastFilter="1" RowID="462fc705-f10b-4a79-9d30-ea2c9893198f" />
                        <GIResult LineNbr="4" SortOrder="4" IsActive="1" Field="integrationID" Caption="Integration ID" Width="120" IsVisible="1" DefaultNav="0" QuickFilter="0" FastFilter="1" RowID="f4cbaeb0-7ef0-453d-8fd9-717e0744fb19" />
                        <GIResult LineNbr="2" SortOrder="2" IsActive="1" Field="parentProcessID" Caption="Process ID" Width="100" IsVisible="1" DefaultNav="1" QuickFilter="0" FastFilter="1" RowID="b5a5e4ff-8154-4d8d-a4a0-d2eefe1cedc6" />
                        <GIResult LineNbr="1" SortOrder="1" IsActive="1" Field="processDate" Caption="Process Date" Width="120" IsVisible="1" DefaultNav="0" QuickFilter="0" FastFilter="0" RowID="779f693c-cb64-4680-af6c-b9ac24c27cf6">
                            <Note NoteText="" GraphType="PX.Data.Maintenance.GI.GenericInquiryDesigner" EntityType="PX.Data.Maintenance.GI.GIResult" />
                        </GIResult>
                    </GITable>
                    <GITable Alias="AMsetup" Name="AmazonIntegration.SOAmazonSetup">
                        <GIRelation LineNbr="1" ChildTable="OrderProcessLog" IsActive="1" JoinType="L">
                            <GIOn LineNbr="1" ParentField="integrationID" Condition="E " ChildField="integrationID" Operation="A" />
                        </GIRelation>
                    </GITable>
                    <GIWhere LineNbr="2" IsActive="1" DataFieldName="OrderProcessLog.integrationID" Condition="E " IsExpression="0" Value1="[IntergrationID]" Operation="A" />
                    <GIWhere LineNbr="1" IsActive="1" DataFieldName="OrderProcessLog.processDate" Condition="B " IsExpression="0" Value1="[FromDate]" Value2="[ToDate]" Operation="A" />
                    <SiteMap linkname="toDesignById">
                        <row Position="10" Title="Amazon SO Process Log" Url="~/genericinquiry/genericinquiry.aspx?id=ae5a685a-5331-4797-ab00-e86c5dd2a693" Expanded="0" IsFolder="0" ScreenID="AZ000008" NodeID="8adc7ff9-7e46-49ea-913c-dbc99addce2d" ParentID="a24f88e1-8602-4ede-ad7f-85e3899764f9">
                            <SiteMap Position="126" Title="Explore" Expanded="1" IsFolder="0" NodeID="a24f88e1-8602-4ede-ad7f-85e3899764f9">
                                <SiteMap Position="589" Title="Work Area" Description="main@DataEntryF" Expanded="1" IsFolder="0" NodeID="de0d5687-3c67-4ec7-94e9-2c3e5225f817">
                                    <SiteMap Position="516" Title="Sales Orders" Url="~/Frames/Default.aspx" Expanded="0" IsFolder="0" ScreenID="SO000000" NodeID="ff2d3fd4-ab02-43c9-ad02-aad212542770">
                                        <SiteMap Position="30" Title="Distribution" Url="~/Frames/Default.aspx" Expanded="0" IsFolder="0" ScreenID="DS000000" NodeID="91d578ba-75b6-4fa9-a532-9457a6383a62">
                                            <SiteMap Position="0" Title="Sitemap Root" Url="~/Frames/Default.aspx" Expanded="0" IsFolder="0" ScreenID="00000000" NodeID="00000000-0000-0000-0000-000000000000" />
                                        </SiteMap>
                                    </SiteMap>
                                </SiteMap>
                            </SiteMap>
                        </row>
                    </SiteMap>
                </row>
            </GIDesign>
        </data>
    </data-set>
</GenericInquiryScreen>