﻿<GenericInquiryScreen>
    <data-set>
        <relations format-version="3" relations-version="20180809" main-table="GIDesign">
            <link from="GIFilter (DesignID)" to="GIDesign (DesignID)" />
            <link from="GIGroupBy (DesignID)" to="GIDesign (DesignID)" />
            <link from="GIMassAction (DesignID)" to="GIDesign (DesignID)" />
            <link from="GIMassUpdateField (DesignID)" to="GIDesign (DesignID)" />
            <link from="GINavigationScreen (DesignID)" to="GIDesign (DesignID)" />
            <link from="GINavigationParameter (DesignID, ScreenID)" to="GINavigationScreen (DesignID, ScreenID)" />
            <link from="GIOn (DesignID, RelationNbr)" to="GIRelation (DesignID, LineNbr)" />
            <link from="GIRecordDefault (DesignID)" to="GIDesign (DesignID)" />
            <link from="GIRelation (DesignID, ParentTable)" to="GITable (DesignID, Alias)" />
            <link from="GIRelation (DesignID, ChildTable)" to="GITable (DesignID, Alias)" />
            <link from="GIResult (DesignID)" to="GIDesign (DesignID)" />
            <link from="GIResult (ObjectName, DesignID)" to="GITable (Alias, DesignID)" />
            <link from="GISort (DesignID)" to="GIDesign (DesignID)" />
            <link from="GITable (DesignID)" to="GIDesign (DesignID)" />
            <link from="GIWhere (DesignID)" to="GIDesign (DesignID)" />
            <link from="SiteMap (Url)" to="GIDesign (DesignID)" type="WeakByUrl" linkname="toDesignById" baseurl="~/GenericInquiry/GenericInquiry.aspx" paramnames="id" />
            <link from="SiteMap (Url)" to="GIDesign (Name)" type="WeakByUrl" linkname="toDesignByName" baseurl="~/GenericInquiry/GenericInquiry.aspx" />
            <link from="ListEntryPoint (ListScreenID)" to="SiteMap (ScreenID)" />
            <link from="SiteMap (ScreenID)" to="GIDesign (PrimaryScreenIDNew)" linkname="to1Screen" />
            <link from="SiteMap (NodeID)" to="SiteMap (ParentID)" type="WeakToParent" recursive-nesting="yes" />
            <link from="GIDesign (NoteID)" to="Note (NoteID)" type="Note" />
            <link from="GIFilter (NoteID)" to="Note (NoteID)" type="Note" />
            <link from="GIFilter (NoteID)" to="GIFilterKvExt (RecordID)" type="RowKvExt" />
            <link from="GIGroupBy (NoteID)" to="Note (NoteID)" type="Note" />
            <link from="GIOn (NoteID)" to="Note (NoteID)" type="Note" />
            <link from="GIRelation (NoteID)" to="Note (NoteID)" type="Note" />
            <link from="GIResult (NoteID)" to="Note (NoteID)" type="Note" />
            <link from="GIResult (NoteID)" to="GIResultKvExt (RecordID)" type="RowKvExt" />
            <link from="GISort (NoteID)" to="Note (NoteID)" type="Note" />
            <link from="GITable (NoteID)" to="Note (NoteID)" type="Note" />
            <link from="GIWhere (NoteID)" to="Note (NoteID)" type="Note" />
        </relations>
        <layout>
            <table name="GIDesign">
                <table name="GIFilter" uplink="(DesignID) = (DesignID)">
                    <table name="Note" uplink="(NoteID) = (NoteID)" />
                    <table name="GIFilterKvExt" uplink="(NoteID) = (RecordID)" />
                </table>
                <table name="GIGroupBy" uplink="(DesignID) = (DesignID)">
                    <table name="Note" uplink="(NoteID) = (NoteID)" />
                </table>
                <table name="GIMassAction" uplink="(DesignID) = (DesignID)" />
                <table name="GIMassUpdateField" uplink="(DesignID) = (DesignID)" />
                <table name="GINavigationScreen" uplink="(DesignID) = (DesignID)">
                    <table name="GINavigationParameter" uplink="(DesignID, ScreenID) = (DesignID, ScreenID)" />
                </table>
                <table name="GIRecordDefault" uplink="(DesignID) = (DesignID)" />
                <table name="GISort" uplink="(DesignID) = (DesignID)">
                    <table name="Note" uplink="(NoteID) = (NoteID)" />
                </table>
                <table name="GITable" uplink="(DesignID) = (DesignID)">
                    <table name="GIRelation" uplink="(DesignID, Alias) = (DesignID, ParentTable)">
                        <table name="GIOn" uplink="(DesignID, LineNbr) = (DesignID, RelationNbr)">
                            <table name="Note" uplink="(NoteID) = (NoteID)" />
                        </table>
                        <table name="Note" uplink="(NoteID) = (NoteID)" />
                    </table>
                    <table name="GIResult" uplink="(Alias, DesignID) = (ObjectName, DesignID)">
                        <table name="Note" uplink="(NoteID) = (NoteID)" />
                        <table name="GIResultKvExt" uplink="(NoteID) = (RecordID)" />
                    </table>
                    <table name="Note" uplink="(NoteID) = (NoteID)" />
                </table>
                <table name="GIWhere" uplink="(DesignID) = (DesignID)">
                    <table name="Note" uplink="(NoteID) = (NoteID)" />
                </table>
                <table name="SiteMap" uplink="(DesignID) = (Url)" recursion="(NodeID) = (ParentID)" linkname="toDesignById">
                    <table name="ListEntryPoint" uplink="(ScreenID) = (ListScreenID)" />
                </table>
                <table name="SiteMap" uplink="(Name) = (Url)" recursion="(NodeID) = (ParentID)" linkname="toDesignByName">
                    <table name="ListEntryPoint" uplink="(ScreenID) = (ListScreenID)" />
                </table>
                <table name="SiteMap" uplink="(PrimaryScreenIDNew) = (ScreenID)" recursion="(NodeID) = (ParentID)" linkname="to1Screen">
                    <table name="ListEntryPoint" uplink="(ScreenID) = (ListScreenID)" />
                </table>
                <table name="Note" uplink="(NoteID) = (NoteID)" />
            </table>
        </layout>
        <data>
            <GIDesign>
                <row DesignID="cbf324ff-2a37-461f-8dd9-b7581e35088c" Name="Amazon SO Import Log" SelectTop="0" FilterColCount="3" PageSize="0" NewRecordCreationEnabled="0" MassDeleteEnabled="0" AutoConfirmDelete="0" MassRecordsUpdateEnabled="0" MassActionsOnRecordsEnabled="0" ExposeViaOData="0" ExposeViaMobile="0">
                    <GIFilter LineNbr="3" IsActive="1" Name="IntegrationID" FieldName="OrderLevelProcessLog.integrationID" DataType="string" DisplayName="Integration ID" IsExpression="0" ColSpan="1" Required="0" LabelSize="S" />
                    <GIFilter LineNbr="2" IsActive="1" Name="DateTo" FieldName="OrderProcessLog.processDate" DataType="string" DisplayName="To Date" IsExpression="1" DefaultValue="@WeekEnd" ColSpan="1" Required="0" Size="SM" LabelSize="XS" />
                    <GIFilter LineNbr="1" IsActive="1" Name="FromDate" FieldName="OrderProcessLog.processDate" DataType="string" DisplayName="From Date" IsExpression="1" DefaultValue="@WeekStart" ColSpan="1" Required="0" Size="SM" LabelSize="XS" />
                    <GITable Alias="SOOrder" Name="PX.Objects.SO.SOOrder">
                        <GIResult LineNbr="2" SortOrder="2" IsActive="1" Field="orderNbr" SchemaField="SOOrder.OrderNbr" Caption="Acumatica Sales Order Nbr." Width="120" IsVisible="1" DefaultNav="1" QuickFilter="0" FastFilter="1" RowID="7777a6f2-20f7-4e15-829f-058404b2073f" />
                    </GITable>
                    <GITable Alias="OrderProcessLog" Name="AmazonIntegration.SOOrderProcessLog">
                        <GIRelation LineNbr="2" ChildTable="AMsetup" IsActive="1" JoinType="I">
                            <GIOn LineNbr="3" ParentField="integrationID" Condition="E " ChildField="integrationID" Operation="A" />
                        </GIRelation>
                    </GITable>
                    <GITable Alias="OrderLevelProcessLog" Name="AmazonIntegration.SOOrderLevelProcessLog">
                        <GIRelation LineNbr="3" ChildTable="SOOrder" IsActive="1" JoinType="I">
                            <GIOn LineNbr="5" ParentField="acumaticaOrderType" Condition="E " ChildField="orderType" Operation="A" />
                            <GIOn LineNbr="4" ParentField="acumaticaOrderID" Condition="E " ChildField="orderNbr" Operation="A" />
                        </GIRelation>
                        <GIRelation LineNbr="1" ChildTable="OrderProcessLog" IsActive="1" JoinType="I">
                            <GIOn LineNbr="2" ParentField="integrationID" Condition="E " ChildField="integrationID" Operation="A" />
                            <GIOn LineNbr="1" ParentField="ProcessID" Condition="E " ChildField="ProcessID" Operation="A" />
                        </GIRelation>
                        <GIResult LineNbr="5" SortOrder="5" IsActive="1" Field="errorDesc" Caption="Sync Status Message" Width="250" IsVisible="1" DefaultNav="0" QuickFilter="0" FastFilter="1" RowID="9e67a84f-1023-436c-97f9-a7ea492f8405" />
                        <GIResult LineNbr="4" SortOrder="4" IsActive="1" Field="amazonOrderID" Width="120" IsVisible="1" DefaultNav="0" QuickFilter="0" FastFilter="1" RowID="89b7c405-2743-46b8-87bf-fa57a5c628bc" />
                        <GIResult LineNbr="3" SortOrder="3" IsActive="1" Field="createdDateTime" Caption="Sync Date" Width="180" IsVisible="1" DefaultNav="1" QuickFilter="0" FastFilter="0" RowID="d951ca67-68b9-4102-b7cd-c25eb73e8637" />
                        <GIResult LineNbr="1" SortOrder="1" IsActive="1" Field="processID" Width="100" IsVisible="1" DefaultNav="0" QuickFilter="0" FastFilter="1" RowID="8c79c962-a8d6-4a6b-8b06-a22078e8a668" />
                    </GITable>
                    <GITable Alias="AMsetup" Name="AmazonIntegration.SOAmazonSetup" />
                    <GIWhere LineNbr="3" IsActive="1" DataFieldName="OrderLevelProcessLog.integrationID" Condition="E " IsExpression="0" Value1="[IntegrationID]" Operation="A" />
                    <GIWhere LineNbr="2" IsActive="1" DataFieldName="OrderLevelProcessLog.importStatus" Condition="E " IsExpression="0" Value1="=True" Operation="A" />
                    <GIWhere LineNbr="1" IsActive="1" DataFieldName="OrderProcessLog.processDate" Condition="B " IsExpression="0" Value1="[FromDate]" Value2="[DateTo]" Operation="A" />
                    <SiteMap linkname="toDesignById">
                        <row Position="11" Title="Amazon SO Import Log" Url="~/GenericInquiry/GenericInquiry.aspx?id=cbf324ff-2a37-461f-8dd9-b7581e35088c" Expanded="0" IsFolder="0" ScreenID="AZ000016" NodeID="d4818607-41b3-41bd-9bdb-f49b4d39b1f5" ParentID="a24f88e1-8602-4ede-ad7f-85e3899764f9">
                            <SiteMap Position="126" Title="Explore" Expanded="1" IsFolder="0" NodeID="a24f88e1-8602-4ede-ad7f-85e3899764f9">
                                <SiteMap Position="589" Title="Work Area" Description="main@DataEntryF" Expanded="1" IsFolder="0" NodeID="de0d5687-3c67-4ec7-94e9-2c3e5225f817">
                                    <SiteMap Position="516" Title="Sales Orders" Url="~/Frames/Default.aspx" Expanded="0" IsFolder="0" ScreenID="SO000000" NodeID="ff2d3fd4-ab02-43c9-ad02-aad212542770">
                                        <SiteMap Position="30" Title="Distribution" Url="~/Frames/Default.aspx" Expanded="0" IsFolder="0" ScreenID="DS000000" NodeID="91d578ba-75b6-4fa9-a532-9457a6383a62">
                                            <SiteMap Position="0" Title="Sitemap Root" Url="~/Frames/Default.aspx" Expanded="0" IsFolder="0" ScreenID="00000000" NodeID="00000000-0000-0000-0000-000000000000" />
                                        </SiteMap>
                                    </SiteMap>
                                </SiteMap>
                            </SiteMap>
                        </row>
                    </SiteMap>
                </row>
            </GIDesign>
        </data>
    </data-set>
</GenericInquiryScreen>