﻿<Sql TableName="SOPrepareAndImport" TableSchemaXml="#CDATA">
    <CDATA name="TableSchemaXml"><![CDATA[<table name="SOPrepareAndImport">
  <col name="CompanyID" type="Int" default="Zero" />
  <col name="LineNbr" type="Int" identity="true" />
  <col name="LastSyncDate" type="DateTime" />
  <col name="ToDate" type="DateTime" />
  <col name="ProcessID" type="Int" nullable="true" />
  <col name="IntegrationID" type="NVarChar(30)" nullable="true" />
  <col name="CreatedByID" type="UniqueIdentifier" />
  <col name="CreatedByScreenID" type="Char(8)" />
  <col name="CreatedDateTime" type="DateTime" />
  <col name="LastModifiedByID" type="UniqueIdentifier" />
  <col name="LastModifiedByScreenID" type="Char(8)" />
  <col name="LastModifiedDateTime" type="DateTime" />
  <col name="tstamp" type="Timestamp" />
  <index name="PK_SOPrepareAndImport" clustered="true" primary="true" unique="true">
    <col name="CompanyID" />
    <col name="LineNbr" />
  </index>
</table>]]></CDATA>
</Sql>