﻿<Sql TableName="SOSubmitDetailedProcessLog" TableSchemaXml="#CDATA">
    <CDATA name="TableSchemaXml"><![CDATA[<table name="SOSubmitDetailedProcessLog">
  <col name="CompanyID" type="Int" default="Zero" />
  <col name="LineNumber" type="Int" identity="true" />
  <col name="ProcessID" type="Int" nullable="true" />
  <col name="IntegrationID" type="NVarChar(30)" />
  <col name="AmazonOrderID" type="NVarChar(50)" nullable="true" />
  <col name="AcumaticaOrderType" type="Char(2)" nullable="true" />
  <col name="AcumaticaOrderNbr" type="NVarChar(15)" nullable="true" />
  <col name="AcumaticaShipmentType" type="Char(2)" nullable="true" />
  <col name="AcumaticaShipmentNbr" type="NVarChar(15)" nullable="true" />
  <col name="ImportStatus" type="Bit" nullable="true" />
  <col name="ErrorDesc" type="NVarChar(100)" nullable="true" />
  <col name="XMLResponse" type="VarChar(MAX)" nullable="true" />
  <col name="tstamp" type="Timestamp" />
  <col name="CreatedByID" type="UniqueIdentifier" />
  <col name="CreatedByScreenID" type="Char(8)" />
  <col name="CreatedDateTime" type="DateTime" />
  <col name="LastModifiedByID" type="UniqueIdentifier" />
  <col name="LastModifiedByScreenID" type="Char(8)" />
  <col name="LastModifiedDateTime" type="DateTime" />
  <index name="PK_SOSubmitDetailedProcessLog" clustered="true" primary="true" unique="true">
    <col name="CompanyID" />
    <col name="LineNumber" />
  </index>
</table>]]></CDATA>
</Sql>