﻿<Sql TableName="SOFieldMapping" TableSchemaXml="#CDATA">
    <CDATA name="TableSchemaXml"><![CDATA[<table name="SOFieldMapping">
  <col name="CompanyID" type="Int" default="Zero" />
  <col name="IntegrationID" type="NVarChar(30)" />
  <col name="MappingFieldId" type="Int" />
  <col name="IsActive" type="Bit" />
  <col name="TargetObject" type="NVarChar(100)" />
  <col name="TargetField" type="NVarChar(100)" />
  <col name="SourceObject" type="NVarChar(100)" />
  <col name="SourceField" type="NVarChar(100)" />
  <col name="CreatedByID" type="UniqueIdentifier" />
  <col name="CreatedByScreenID" type="Char(8)" />
  <col name="CreatedDateTime" type="DateTime" />
  <col name="LastModifiedByID" type="UniqueIdentifier" />
  <col name="LastModifiedByScreenID" type="Char(8)" />
  <col name="LastModifiedDateTime" type="DateTime" />
  <col name="tstamp" type="Timestamp" />
  <index name="PK_SOFieldMapping" clustered="true" primary="true" unique="true">
    <col name="CompanyID" />
    <col name="IntegrationID" />
    <col name="MappingFieldId" />
  </index>
</table>]]></CDATA>
</Sql>