﻿<Sql TableName="SOSubmitProcessLog" TableSchemaXml="#CDATA">
    <CDATA name="TableSchemaXml"><![CDATA[<table name="SOSubmitProcessLog">
  <col name="CompanyID" type="Int" default="Zero" />
  <col name="ProcessID" type="Int" identity="true" />
  <col name="ProcessDate" type="DateTime" nullable="true" />
  <col name="TotalRecordstoProcess" type="Int" nullable="true" />
  <col name="SubmitRecordsCount" type="Int" nullable="true" />
  <col name="SubmitFailedRecordsCount" type="Int" nullable="true" />
  <col name="IntegrationID" type="NVarChar(30)" nullable="true" />
  <col name="tstamp" type="Timestamp" />
  <col name="CreatedByID" type="UniqueIdentifier" />
  <col name="CreatedByScreenID" type="Char(8)" />
  <col name="CreatedDateTime" type="DateTime" />
  <col name="LastModifiedByID" type="UniqueIdentifier" nullable="true" />
  <col name="LastModifiedByScreenID" type="Char(8)" nullable="true" />
  <col name="LastModifiedDateTime" type="DateTime" nullable="true" />
  <index name="PK_SOSubmitProcessLog" clustered="true" primary="true" unique="true">
    <col name="CompanyID" />
    <col name="ProcessID" />
  </index>
</table>]]></CDATA>
</Sql>