﻿<Sql TableName="SOImportedRecords" CustomScript="#CDATA" TableSchemaXml="#CDATA">
    <CDATA name="CustomScript"><![CDATA[alter table SOProcessOrder
alter column OrderSchema nvarchar(max)]]></CDATA>
    <CDATA name="TableSchemaXml"><![CDATA[<table name="SOImportedRecords">
  <col name="CompanyID" type="Int" default="Zero" />
  <col name="LineNumber" type="Int" identity="true" />
  <col name="ProcessID" type="Int" />
  <col name="AmazonOrderID" type="NVarChar(50)" />
  <col name="AcumaticaOrderID" type="NVarChar(15)" nullable="true" />
  <col name="AcumaticaOrderType" type="Char(2)" nullable="true" />
  <col name="ImportedDate" type="DateTime" nullable="true" />
  <col name="IntegrationID" type="NVarChar(30)" nullable="true" />
  <col name="tstamp" type="Timestamp" />
  <col name="CreatedByID" type="UniqueIdentifier" />
  <col name="CreatedByScreenID" type="Char(8)" />
  <col name="CreatedDateTime" type="DateTime" />
  <col name="LastModifiedByID" type="UniqueIdentifier" />
  <col name="LastModifiedByScreenID" type="Char(8)" />
  <col name="LastModifiedDateTime" type="DateTime" />
  <index name="PK_SOImportedRecords" clustered="true" primary="true" unique="true">
    <col name="CompanyID" />
    <col name="LineNumber" />
  </index>
</table>]]></CDATA>
</Sql>